scenario,total_tickets,avg_lead_time_hours,avg_rework_cycles,avg_pr_queue_time,total_rework_time
Traditional PR,246,23.060772453526887,2.467479674796748,0.6760584268840264,1259.302508305098
AI-Enhanced PR,303,23.035572693462054,2.8646864686468647,2.4475876568001276,1369.0311383905632
Pair Programming,240,9.285681962696104,0.6458333333333334,0.0,269.06367104706106
AI-Enhanced Pairs,316,7.006564377258221,0.5981012658227848,0.0,218.95895859821178
